"Name","Enabled","Description","SortOrder","HasEvenSpaceCharacters","UsedSystemFont","HelpshiftSDKLanguage","HelpshiftSDKLanguageAndroid","HelpshiftLanguageTag","TermsAndServiceUrl","TournamentTermsUrl","ParentsGuideUrl","PrivacyPolicyUrl","TestLanguage","TestExcludes","RegionListFile","MaintenanceRoyalBox","RoyalBoxURL","RoyalBoxStageURL","RoyalBoxDevURL","BoomBoxURL","EventsBaseURL","EventsPostURL","EventsBaseStageURL","EventsPostStageURL","HelpshiftURL"
"String","boolean","string","int","boolean","string","string","string","string","string","string","string","string","boolean","string","string","boolean","string","string","string","string","string","string","string","string","string"
"EN","TRUE",,1,,,"en",,"EN","http://supercell.com/en/terms-of-service/","http://supercell.com/en/community-tournament-guidelines/","http://www.supercell.com/en/parents/","http://www.supercell.com/en/privacy-policy/",,,,"TRUE","https://inbox.clashroyale.com/","https://inbox-staging.clashroyale.com/","https://ducn7cprpa5c7.cloudfront.net/","https://inbox.boombeach.com/","https://www.clashnights.com/","https://m8gq5spzs7.execute-api.us-east-1.amazonaws.com/prod/","http://staging.clashnights.com.s3-website.eu-central-1.amazonaws.com/","https://v4zl51s3h3.execute-api.eu-central-1.amazonaws.com/stag/","https://supercell.helpshift.com/a/clash-royale/?l=en"
"FR","TRUE",,5,,,"fr",,"FR","http://supercell.com/en/terms-of-service/fr","http://supercell.com/en/community-tournament-guidelines/fr","http://www.supercell.com/en/parents/","http://www.supercell.com/en/privacy-policy/fr",,,,,"https://inbox.clashroyale.com/fr/","https://inbox-staging.clashroyale.com/fr/","http://scroll-staging.s3-website-us-east-1.amazonaws.com/fr/blog","https://inbox.boombeach.com/fr/","https://www.clashnights.com/","https://m8gq5spzs7.execute-api.us-east-1.amazonaws.com/prod/","http://staging.clashnights.com.s3-website.eu-central-1.amazonaws.com/","https://v4zl51s3h3.execute-api.eu-central-1.amazonaws.com/stag/","https://supercell.helpshift.com/a/clash-royale/?l=fr"
"DE","TRUE",,6,,,"de",,"DE","http://supercell.com/en/terms-of-service/de","http://supercell.com/en/community-tournament-guidelines/de","http://www.supercell.com/en/parents/","http://www.supercell.com/en/privacy-policy/de",,,,,"https://inbox.clashroyale.com/de/","https://inbox-staging.clashroyale.com/de/","http://scroll-staging.s3-website-us-east-1.amazonaws.com/de/blog","https://inbox.boombeach.com/de/","https://www.clashnights.com/","https://m8gq5spzs7.execute-api.us-east-1.amazonaws.com/prod/","http://staging.clashnights.com.s3-website.eu-central-1.amazonaws.com/","https://v4zl51s3h3.execute-api.eu-central-1.amazonaws.com/stag/","https://supercell.helpshift.com/a/clash-royale/?l=de"
"ES","TRUE",,7,,,"es",,"ES","http://supercell.com/en/terms-of-service/es","http://supercell.com/en/community-tournament-guidelines/es","http://www.supercell.com/en/parents/","http://www.supercell.com/en/privacy-policy/es",,,,,"https://inbox.clashroyale.com/es/","https://inbox-staging.clashroyale.com/es/","http://scroll-staging.s3-website-us-east-1.amazonaws.com/es/blog","https://inbox.boombeach.com/es/","https://www.clashnights.com/","https://m8gq5spzs7.execute-api.us-east-1.amazonaws.com/prod/","http://staging.clashnights.com.s3-website.eu-central-1.amazonaws.com/","https://v4zl51s3h3.execute-api.eu-central-1.amazonaws.com/stag/","https://supercell.helpshift.com/a/clash-royale/?l=es"
"IT","TRUE",,8,,,"it",,"IT","http://supercell.com/en/terms-of-service/it","http://supercell.com/en/community-tournament-guidelines/it","http://www.supercell.com/en/parents/","http://www.supercell.com/en/privacy-policy/it",,,,,"https://inbox.clashroyale.com/it/","https://inbox-staging.clashroyale.com/it/","http://scroll-staging.s3-website-us-east-1.amazonaws.com/it/blog","https://inbox.boombeach.com/it/","https://www.clashnights.com/","https://m8gq5spzs7.execute-api.us-east-1.amazonaws.com/prod/","http://staging.clashnights.com.s3-website.eu-central-1.amazonaws.com/","https://v4zl51s3h3.execute-api.eu-central-1.amazonaws.com/stag/","https://supercell.helpshift.com/a/clash-royale/?l=it"
"NL","TRUE",,9,,,"nl",,"NL","http://supercell.com/en/terms-of-service/","http://supercell.com/en/community-tournament-guidelines/","http://www.supercell.com/en/parents/","http://www.supercell.com/en/privacy-policy/",,,,,"https://clashroyale.com/nl/blog","https://inbox-staging.clashroyale.com/nl/","http://scroll-staging.s3-website-us-east-1.amazonaws.com/nl/blog","https://inbox.boombeach.com/nl/","https://www.clashnights.com/","https://m8gq5spzs7.execute-api.us-east-1.amazonaws.com/prod/","http://staging.clashnights.com.s3-website.eu-central-1.amazonaws.com/","https://v4zl51s3h3.execute-api.eu-central-1.amazonaws.com/stag/","https://supercell.helpshift.com/a/clash-royale/?l=nl"
"NO","TRUE",,10,,,,,"NO","http://supercell.com/en/terms-of-service/","http://supercell.com/en/community-tournament-guidelines/","http://www.supercell.com/en/parents/","http://www.supercell.com/en/privacy-policy/",,,,,"https://clashroyale.com/no/blog","http://scroll-staging.s3-website-us-east-1.amazonaws.com/no/blog","http://scroll-staging.s3-website-us-east-1.amazonaws.com/no/blog","https://inbox.boombeach.com/no/","https://www.clashnights.com/","https://m8gq5spzs7.execute-api.us-east-1.amazonaws.com/prod/","http://staging.clashnights.com.s3-website.eu-central-1.amazonaws.com/","https://v4zl51s3h3.execute-api.eu-central-1.amazonaws.com/stag/","https://supercell.helpshift.com/a/clash-royale/?l=no"
"PT","TRUE",,11,,,"pt","pt_Br","PT","http://supercell.com/en/terms-of-service/pt","http://supercell.com/en/community-tournament-guidelines/pt","http://www.supercell.com/en/parents/","http://www.supercell.com/en/privacy-policy/pt",,,,,"https://inbox.clashroyale.com/pt/","https://inbox-staging.clashroyale.com/pt/","http://scroll-staging.s3-website-us-east-1.amazonaws.com/pt/blog","https://inbox.boombeach.com/pt/","https://www.clashnights.com/","https://m8gq5spzs7.execute-api.us-east-1.amazonaws.com/prod/","http://staging.clashnights.com.s3-website.eu-central-1.amazonaws.com/","https://v4zl51s3h3.execute-api.eu-central-1.amazonaws.com/stag/","https://supercell.helpshift.com/a/clash-royale/?l=pt"
"TR","TRUE",,12,,,"tr",,"TR","http://supercell.com/en/terms-of-service/tr","http://supercell.com/en/community-tournament-guidelines/tr","http://www.supercell.com/en/parents/","http://www.supercell.com/en/privacy-policy/tr",,,,,"https://clashroyale.com/tr/blog","http://scroll-staging.s3-website-us-east-1.amazonaws.com/tr/blog","http://scroll-staging.s3-website-us-east-1.amazonaws.com/tr/blog","https://inbox.boombeach.com/tr/","https://www.clashnights.com/","https://m8gq5spzs7.execute-api.us-east-1.amazonaws.com/prod/","http://staging.clashnights.com.s3-website.eu-central-1.amazonaws.com/","https://v4zl51s3h3.execute-api.eu-central-1.amazonaws.com/stag/","https://supercell.helpshift.com/a/clash-royale/?l=tr"
"CN","TRUE",,2,"TRUE","STHeitiSC-Medium","zh-Hans","zh_CN","ZH-HANS","http://supercell.com/en/terms-of-service/cn","http://supercell.com/en/community-tournament-guidelines/cn","http://www.supercell.com/en/parents/cn","http://www.supercell.com/en/privacy-policy/cn",,,"csv_client/sorted_regions/CN_regions.csv","TRUE","https://cr-inbox.kunlun-cdn.com/","https://test-cr-inbox.kunlun-cdn.com/","https://clashroyale.scinbox.qq.com/news.html","https://bb-inbox.kunlun-cdn.com/","https://www.clashnights.com/","https://m8gq5spzs7.execute-api.us-east-1.amazonaws.com/prod/","http://staging.clashnights.com.s3-website.eu-central-1.amazonaws.com/","https://v4zl51s3h3.execute-api.eu-central-1.amazonaws.com/stag/","https://supercell.helpshift.com/a/clash-royale/?l=zh"
"JP","TRUE",,4,"TRUE","HiraKakuProN-W6","ja",,"JP","http://supercell.com/en/terms-of-service/jp","http://supercell.com/en/community-tournament-guidelines/jp","http://www.supercell.com/en/parents/jp","http://www.supercell.com/en/privacy-policy/jp",,,"csv_client/sorted_regions/JP_regions.csv","TRUE","https://inbox.clashroyale.com/ja/","https://inbox-staging.clashroyale.com/ja/","https://ducn7cprpa5c7.cloudfront.net/ja/","https://inbox.boombeach.com/jp/","https://www.clashnights.com/","https://m8gq5spzs7.execute-api.us-east-1.amazonaws.com/prod/","http://staging.clashnights.com.s3-website.eu-central-1.amazonaws.com/","https://v4zl51s3h3.execute-api.eu-central-1.amazonaws.com/stag/","https://supercell.helpshift.com/a/clash-royale/?l=jp"
"KR","TRUE",,3,"TRUE",,"ko",,"KR","http://supercell.com/en/terms-of-service/ko","http://supercell.com/en/community-tournament-guidelines/ko","http://www.supercell.com/en/parents/ko","http://www.supercell.com/en/privacy-policy/ko",,,"csv_client/sorted_regions/KR_regions.csv","TRUE","https://inbox.clashroyale.com/ko/","https://inbox-staging.clashroyale.com/ko/","https://ducn7cprpa5c7.cloudfront.net/ko/","https://inbox.boombeach.com/ko/","https://www.clashnights.com/","https://m8gq5spzs7.execute-api.us-east-1.amazonaws.com/prod/","http://staging.clashnights.com.s3-website.eu-central-1.amazonaws.com/","https://v4zl51s3h3.execute-api.eu-central-1.amazonaws.com/stag/","https://supercell.helpshift.com/a/clash-royale/?l=ko"
"RU","TRUE",,14,,,"ru",,"RU","http://supercell.com/en/terms-of-service/ru","http://supercell.com/en/community-tournament-guidelines/ru","http://www.supercell.com/en/parents/","http://www.supercell.com/en/privacy-policy/ru",,,,,"https://clashroyale.com/ru/blog","https://inbox-staging.clashroyale.com/ru/","http://scroll-staging.s3-website-us-east-1.amazonaws.com/ru/blog","https://inbox.boombeach.com/ru/","https://www.clashnights.com/","https://m8gq5spzs7.execute-api.us-east-1.amazonaws.com/prod/","http://staging.clashnights.com.s3-website.eu-central-1.amazonaws.com/","https://v4zl51s3h3.execute-api.eu-central-1.amazonaws.com/stag/","https://supercell.helpshift.com/a/clash-royale/?l=ru"
"TEXT","FALSE","Longest text",100,,,"zh-hans","zh_CN","EN","http://supercell.com/en/terms-of-service/","http://supercell.com/en/community-tournament-guidelines/","http://www.supercell.com/en/parents/","http://www.supercell.com/en/privacy-policy/","TRUE","AR",,,"https://clashroyale.com/blog","http://scroll-staging.s3-website-us-east-1.amazonaws.com/blog","http://scroll-staging.s3-website-us-east-1.amazonaws.com/blog","https://inbox.boombeach.com/","https://www.clashnights.com/","https://m8gq5spzs7.execute-api.us-east-1.amazonaws.com/prod/","http://staging.clashnights.com.s3-website.eu-central-1.amazonaws.com/","https://v4zl51s3h3.execute-api.eu-central-1.amazonaws.com/stag/","https://supercell.helpshift.com/a/clash-royale/?l=en"
,,,,,,,,,,,,,,"FA",,,,,,,,,,,
"WORD","FALSE","Longest word",101,,,"cn","zh_TW","EN","http://supercell.com/en/terms-of-service/","http://supercell.com/en/community-tournament-guidelines/","http://www.supercell.com/en/parents/","http://www.supercell.com/en/privacy-policy/","TRUE","AR",,,"https://clashroyale.com/blog","http://scroll-staging.s3-website-us-east-1.amazonaws.com/blog","http://scroll-staging.s3-website-us-east-1.amazonaws.com/blog","https://inbox.boombeach.com/","https://www.clashnights.com/","https://m8gq5spzs7.execute-api.us-east-1.amazonaws.com/prod/","http://staging.clashnights.com.s3-website.eu-central-1.amazonaws.com/","https://v4zl51s3h3.execute-api.eu-central-1.amazonaws.com/stag/","https://supercell.helpshift.com/a/clash-royale/?l=en"
,,,,,,,,,,,,,,"FA",,,,,,,,,,,
"DOUBLE","FALSE","Double String",102,,,"zh-Hans","zh_CN","EN","http://supercell.com/en/terms-of-service/","http://supercell.com/en/community-tournament-guidelines/","http://www.supercell.com/en/parents/","http://www.supercell.com/en/privacy-policy/","TRUE",,,,"https://clashroyale.com/blog","http://scroll-staging.s3-website-us-east-1.amazonaws.com/blog","http://scroll-staging.s3-website-us-east-1.amazonaws.com/blog","https://inbox.boombeach.com/","https://www.clashnights.com/","https://m8gq5spzs7.execute-api.us-east-1.amazonaws.com/prod/","http://staging.clashnights.com.s3-website.eu-central-1.amazonaws.com/","https://v4zl51s3h3.execute-api.eu-central-1.amazonaws.com/stag/","https://supercell.helpshift.com/a/clash-royale/?l=en"
"EMPTY","FALSE","Empty texts",103,,,"ko","ko","EN","http://supercell.com/en/terms-of-service/","http://supercell.com/en/community-tournament-guidelines/","http://www.supercell.com/en/parents/","http://www.supercell.com/en/privacy-policy/","TRUE",,,,"https://clashroyale.com/blog","http://scroll-staging.s3-website-us-east-1.amazonaws.com/blog","http://scroll-staging.s3-website-us-east-1.amazonaws.com/blog","https://inbox.boombeach.com/","https://www.clashnights.com/","https://m8gq5spzs7.execute-api.us-east-1.amazonaws.com/prod/","http://staging.clashnights.com.s3-website.eu-central-1.amazonaws.com/","https://v4zl51s3h3.execute-api.eu-central-1.amazonaws.com/stag/","https://supercell.helpshift.com/a/clash-royale/?l=en"
"CNT","TRUE",,15,"TRUE","STHeitiSC-Medium","zh-Hant","zh_TW","ZH-HANT","http://supercell.com/en/terms-of-service/cn","http://supercell.com/en/community-tournament-guidelines/cn","http://www.supercell.com/en/parents/cn","http://www.supercell.com/en/privacy-policy/cn",,,"csv_client/sorted_regions/CNT_regions.csv",,"https://inbox.clashroyale.com/zh/","https://inbox-staging.clashroyale.com/zh/","http://scroll-staging.s3-website-us-east-1.amazonaws.com/zh/blog","https://inbox.boombeach.com/zh/","https://www.clashnights.com/","https://m8gq5spzs7.execute-api.us-east-1.amazonaws.com/prod/","http://staging.clashnights.com.s3-website.eu-central-1.amazonaws.com/","https://v4zl51s3h3.execute-api.eu-central-1.amazonaws.com/stag/","https://supercell.helpshift.com/a/clash-royale/?l=zh-hant"
"AR","TRUE",,16,,,"ar",,"AR","http://supercell.com/en/terms-of-service/","http://supercell.com/en/community-tournament-guidelines/","http://www.supercell.com/en/parents/","http://www.supercell.com/en/privacy-policy/",,,,,"https://clashroyale.com/ar/blog","http://scroll-staging.s3-website-us-east-1.amazonaws.com/ar/blog","http://scroll-staging.s3-website-us-east-1.amazonaws.com/ar/blog","https://inbox.boombeach.com/ar/","https://www.clashnights.com/","https://m8gq5spzs7.execute-api.us-east-1.amazonaws.com/prod/","http://staging.clashnights.com.s3-website.eu-central-1.amazonaws.com/","https://v4zl51s3h3.execute-api.eu-central-1.amazonaws.com/stag/","https://supercell.helpshift.com/a/clash-royale/?l=ar"
"FA","TRUE",,17,,,,,"fa","http://supercell.com/en/terms-of-service/","http://supercell.com/en/community-tournament-guidelines/","http://www.supercell.com/en/parents/","http://www.supercell.com/en/privacy-policy/",,,,,"https://clashroyale.com/blog","http://scroll-staging.s3-website-us-east-1.amazonaws.com/blog","http://scroll-staging.s3-website-us-east-1.amazonaws.com/blog","https://inbox.boombeach.com/","https://www.clashnights.com/","https://m8gq5spzs7.execute-api.us-east-1.amazonaws.com/prod/","http://staging.clashnights.com.s3-website.eu-central-1.amazonaws.com/","https://v4zl51s3h3.execute-api.eu-central-1.amazonaws.com/stag/","https://supercell.helpshift.com/a/clash-royale/?l=fa"
"MS","TRUE",,18,,,"ms",,"ms","http://supercell.com/en/terms-of-service/","http://supercell.com/en/community-tournament-guidelines/","http://www.supercell.com/en/parents/ms","http://www.supercell.com/en/privacy-policy/",,,,,"https://clashroyale.com/ms/blog","http://scroll-staging.s3-website-us-east-1.amazonaws.com/blog","http://scroll-staging.s3-website-us-east-1.amazonaws.com/blog","https://inbox.boombeach.com/ms/","https://www.clashnights.com/","https://m8gq5spzs7.execute-api.us-east-1.amazonaws.com/prod/","http://staging.clashnights.com.s3-website.eu-central-1.amazonaws.com/","https://v4zl51s3h3.execute-api.eu-central-1.amazonaws.com/stag/","https://supercell.helpshift.com/a/clash-royale/?l=ms"
"ID","TRUE",,19,,,"id",,"id","http://supercell.com/en/terms-of-service/","http://supercell.com/en/community-tournament-guidelines/","http://www.supercell.com/en/parents/id","http://www.supercell.com/en/privacy-policy/",,,,,"https://inbox.clashroyale.com/","https://inbox-staging.clashroyale.com/","https://ducn7cprpa5c7.cloudfront.net/","https://inbox.boombeach.com/","https://www.clashnights.com/","https://m8gq5spzs7.execute-api.us-east-1.amazonaws.com/prod/","http://staging.clashnights.com.s3-website.eu-central-1.amazonaws.com/","https://v4zl51s3h3.execute-api.eu-central-1.amazonaws.com/stag/","https://supercell.helpshift.com/a/clash-royale/?l=id"
"TH","TRUE",,20,"TRUE","STHeitiSC-Medium","th",,"th","http://supercell.com/en/terms-of-service/","http://supercell.com/en/community-tournament-guidelines/","http://www.supercell.com/en/parents/","http://www.supercell.com/en/privacy-policy/",,,,,"https://clashroyale.com/th/blog","https://inbox-staging.clashroyale.com/","https://ducn7cprpa5c7.cloudfront.net/","https://inbox.boombeach.com/","https://www.clashnights.com/","https://m8gq5spzs7.execute-api.us-east-1.amazonaws.com/prod/","http://staging.clashnights.com.s3-website.eu-central-1.amazonaws.com/","https://v4zl51s3h3.execute-api.eu-central-1.amazonaws.com/stag/","https://supercell.helpshift.com/a/clash-royale/?l=th"
"FI","TRUE",,13,,,"fi",,"FI","http://supercell.com/en/terms-of-service/fi/","http://supercell.com/en/community-tournament-guidelines/fi/","http://supercell.com/en/parents/fi/","http://supercell.com/en/privacy-policy/fi/",,,,,"https://inbox.clashroyale.com/","https://inbox-staging.clashroyale.com/","https://ducn7cprpa5c7.cloudfront.net/","https://inbox.boombeach.com/","https://www.clashnights.com/","https://m8gq5spzs7.execute-api.us-east-1.amazonaws.com/prod/","http://staging.clashnights.com.s3-website.eu-central-1.amazonaws.com/","https://v4zl51s3h3.execute-api.eu-central-1.amazonaws.com/stag/","https://supercell.helpshift.com/a/clash-royale/?l=fi"
