[
    {
        "key": "knight",
        "name": "Knight",
        "elixir": 3,
        "type": "Troop",
        "rarity": "Common",
        "arena": 0,
        "description": "A tough melee fighter. The Barbarian's handsome, cultured cousin. Rumor has it that he was knighted based on the sheer awesomeness of his mustache alone.",
        "id": 26000000
    },
    {
        "key": "archers",
        "name": "Archers",
        "elixir": 3,
        "type": "Troop",
        "rarity": "Common",
        "arena": 0,
        "description": "A pair of lightly armored ranged attackers. They'll help you take down ground and air units, but you're on your own with hair coloring advice.",
        "id": 26000001
    },
    {
        "key": "goblins",
        "name": "Goblins",
        "elixir": 2,
        "type": "Troop",
        "rarity": "Common",
        "arena": 1,
        "description": "Three fast, unarmored melee attackers. Small, fast, green and mean!",
        "id": 26000002
    },
    {
        "key": "giant",
        "name": "Giant",
        "elixir": 5,
        "type": "Troop",
        "rarity": "Rare",
        "arena": 0,
        "description": "Slow but durable, only attacks buildings. A real one-man wrecking crew!",
        "id": 26000003
    },
    {
        "key": "pekka",
        "name": "P.E.K.K.A",
        "elixir": 7,
        "type": "Troop",
        "rarity": "Epic",
        "arena": 4,
        "description": "A heavily armored, slow melee fighter. Swings from the hip but packs a huge punch.",
        "id": 26000004
    },
    {
        "key": "minions",
        "name": "Minions",
        "elixir": 3,
        "type": "Troop",
        "rarity": "Common",
        "arena": 2,
        "description": "Three fast, unarmored flying attackers. Roses are red, minions are blue, they can fly, and will crush you!",
        "id": 26000005
    },
    {
        "key": "balloon",
        "name": "Balloon",
        "elixir": 5,
        "type": "Troop",
        "rarity": "Epic",
        "arena": 2,
        "description": "As pretty as they are, you won't want a parade of THESE balloons showing up on the horizon. Drops powerful bombs and when shot down, crashes dealing area damage.",
        "id": 26000006
    },
    {
        "key": "witch",
        "name": "Witch",
        "elixir": 5,
        "type": "Troop",
        "rarity": "Epic",
        "arena": 0,
        "description": "Summons Skeletons, shoots destructo beams, has glowing pink eyes that unfortunately don't shoot lasers.",
        "id": 26000007
    },
    {
        "key": "barbarians",
        "name": "Barbarians",
        "elixir": 5,
        "type": "Troop",
        "rarity": "Common",
        "arena": 3,
        "description": "A horde of melee attackers with mean mustaches and even meaner tempers.",
        "id": 26000008
    },
    {
        "key": "golem",
        "name": "Golem",
        "elixir": 8,
        "type": "Troop",
        "rarity": "Epic",
        "arena": 6,
        "description": "Slow but durable, only attacks buildings. When destroyed, explosively splits into two Golemites and deals area damage!",
        "id": 26000009
    },
    {
        "key": "skeletons",
        "name": "Skeletons",
        "elixir": 1,
        "type": "Troop",
        "rarity": "Common",
        "arena": 2,
        "description": "Three fast, very weak melee fighters. Surround your enemies with this pile of bones!",
        "id": 26000010
    },
    {
        "key": "valkyrie",
        "name": "Valkyrie",
        "elixir": 4,
        "type": "Troop",
        "rarity": "Rare",
        "arena": 1,
        "description": "Tough melee fighter, deals area damage around her. Swarm or horde, no problem! She can take them all out with a few spins.",
        "id": 26000011
    },
    {
        "key": "skeleton-army",
        "name": "Skeleton Army",
        "elixir": 3,
        "type": "Troop",
        "rarity": "Epic",
        "arena": 0,
        "description": "Spawns an army of Skeletons. Meet Larry and his friends Harry, Gerry, Terry, Mary, etc.",
        "id": 26000012
    },
    {
        "key": "bomber",
        "name": "Bomber",
        "elixir": 3,
        "type": "Troop",
        "rarity": "Common",
        "arena": 0,
        "description": "Small, lightly protected skeleton that throws bombs. Deals area damage that can wipe out a swarm of enemies.",
        "id": 26000013
    },
    {
        "key": "musketeer",
        "name": "Musketeer",
        "elixir": 4,
        "type": "Troop",
        "rarity": "Rare",
        "arena": 0,
        "description": "Don't be fooled by her delicately coiffed hair, the Musketeer is a mean shot with her trusty boomstick.",
        "id": 26000014
    },
    {
        "key": "baby-dragon",
        "name": "Baby Dragon",
        "elixir": 4,
        "type": "Troop",
        "rarity": "Epic",
        "arena": 0,
        "description": "Flying troop that deals area damage. Baby dragons hatch cute, hungry and ready for a barbeque.",
        "id": 26000015
    },
    {
        "key": "prince",
        "name": "Prince",
        "elixir": 5,
        "type": "Troop",
        "rarity": "Epic",
        "arena": 0,
        "description": "Don't let the little pony fool you. Once the Prince gets a running start, you WILL be trampled. Deals double damage once he gets charging.",
        "id": 26000016
    },
    {
        "key": "wizard",
        "name": "Wizard",
        "elixir": 5,
        "type": "Troop",
        "rarity": "Rare",
        "arena": 5,
        "description": "The most awesome man to ever set foot in the arena, the Wizard will blow you away with his handsomeness... and/or fireballs.",
        "id": 26000017
    },
    {
        "key": "mini-pekka",
        "name": "Mini P.E.K.K.A",
        "elixir": 4,
        "type": "Troop",
        "rarity": "Rare",
        "arena": 0,
        "description": "The Arena is a certified butterfly-free zone. No distractions for P.E.K.K.A, only destruction.",
        "id": 26000018
    },
    {
        "key": "spear-goblins",
        "name": "Spear Goblins",
        "elixir": 2,
        "type": "Troop",
        "rarity": "Common",
        "arena": 1,
        "description": "Three unarmored ranged attackers. Who the heck taught these guys to throw spears!?! Who thought that was a good idea?!",
        "id": 26000019
    },
    {
        "key": "giant-skeleton",
        "name": "Giant Skeleton",
        "elixir": 6,
        "type": "Troop",
        "rarity": "Epic",
        "arena": 2,
        "description": "The bigger the skeleton, the bigger the bomb. Carries a bomb that blows up when the Giant Skeleton dies.",
        "id": 26000020
    },
    {
        "key": "hog-rider",
        "name": "Hog Rider",
        "elixir": 4,
        "type": "Troop",
        "rarity": "Rare",
        "arena": 4,
        "description": "Fast melee troop that targets buildings and can jump over the river. He followed the echoing call of \"Hog Riderrrrr\" all the way through the Arena doors.",
        "id": 26000021
    },
    {
        "key": "minion-horde",
        "name": "Minion Horde",
        "elixir": 5,
        "type": "Troop",
        "rarity": "Common",
        "arena": 4,
        "description": "Six fast, unarmored flying attackers. Three's a crowd, six is a horde!",
        "id": 26000022
    },
    {
        "key": "ice-wizard",
        "name": "Ice Wizard",
        "elixir": 3,
        "type": "Troop",
        "rarity": "Legendary",
        "arena": 5,
        "description": "This chill caster throws ice shards that slow down enemies' movement and attack speed. Despite being freezing cold, he has a handlebar mustache that's too hot for TV.",
        "id": 26000023
    },
    {
        "key": "royal-giant",
        "name": "Royal Giant",
        "elixir": 6,
        "type": "Troop",
        "rarity": "Common",
        "arena": 7,
        "description": "Destroying enemy buildings with his massive cannon is his job; making a raggedy blond beard look good is his passion.",
        "id": 26000024
    },
    {
        "key": "guards",
        "name": "Guards",
        "elixir": 3,
        "type": "Troop",
        "rarity": "Epic",
        "arena": 7,
        "description": "Three ruthless bone brothers with shields. Knock off their shields and all that's left are three ruthless bone brothers.",
        "id": 26000025
    },
    {
        "key": "princess",
        "name": "Princess",
        "elixir": 3,
        "type": "Troop",
        "rarity": "Legendary",
        "arena": 7,
        "description": "This stunning Princess shoots flaming arrows from long range. If you're feeling warm feelings towards her, it's probably because you're on fire.",
        "id": 26000026
    },
    {
        "key": "dark-prince",
        "name": "Dark Prince",
        "elixir": 4,
        "type": "Troop",
        "rarity": "Epic",
        "arena": 7,
        "description": "The Dark Prince deals area damage and lets his spiked club do the talking for him - because when he does talk, it sounds like he has a bucket on his head.",
        "id": 26000027
    },
    {
        "key": "three-musketeers",
        "name": "Three Musketeers",
        "elixir": 9,
        "type": "Troop",
        "rarity": "Rare",
        "arena": 7,
        "description": "Trio of powerful, independent markswomen, fighting for justice and honor. Disrespecting them would not be just a mistake, it would be a cardinal sin!",
        "id": 26000028
    },
    {
        "key": "lava-hound",
        "name": "Lava Hound",
        "elixir": 7,
        "type": "Troop",
        "rarity": "Legendary",
        "arena": 4,
        "description": "The Lava Hound is a majestic flying beast that attacks buildings. The Lava Pups are less majestic angry babies that attack anything.",
        "id": 26000029
    },
    {
        "key": "ice-spirit",
        "name": "Ice Spirit",
        "elixir": 1,
        "type": "Troop",
        "rarity": "Common",
        "arena": 8,
        "description": "Spawns one lively little Ice Spirit to freeze a group of enemies. Stay frosty.",
        "id": 26000030
    },
    {
        "key": "fire-spirits",
        "name": "Fire Spirits",
        "elixir": 2,
        "type": "Troop",
        "rarity": "Common",
        "arena": 5,
        "description": "These three Fire Spirits are on a kamikaze mission to give you a warm hug. It'd be adorable if they weren't on fire.",
        "id": 26000031
    },
    {
        "key": "miner",
        "name": "Miner",
        "elixir": 3,
        "type": "Troop",
        "rarity": "Legendary",
        "arena": 6,
        "description": "The Miner can burrow his way underground and appear anywhere in the Arena. It's not magic, it's a shovel.",
        "id": 26000032
    },
    {
        "key": "sparky",
        "name": "Sparky",
        "elixir": 6,
        "type": "Troop",
        "rarity": "Legendary",
        "arena": 6,
        "description": "Sparky slowly charges up, then unloads MASSIVE area damage. Overkill isn't in her vocabulary.",
        "id": 26000033
    },
    {
        "key": "bowler",
        "name": "Bowler",
        "elixir": 5,
        "type": "Troop",
        "rarity": "Epic",
        "arena": 8,
        "description": "This big blue dude digs the simple things in life - Dark Elixir drinks and throwing rocks. His massive boulders roll through their target, hitting everything behind for a strike!",
        "id": 26000034
    },
    {
        "key": "lumberjack",
        "name": "Lumberjack",
        "elixir": 4,
        "type": "Troop",
        "rarity": "Legendary",
        "arena": 8,
        "description": "He chops trees by day and hunts The Log by night. His bottle of Rage spills everywhere when he dies.",
        "id": 26000035
    },
    {
        "key": "battle-ram",
        "name": "Battle Ram",
        "elixir": 4,
        "type": "Troop",
        "rarity": "Rare",
        "arena": 6,
        "description": "Two Barbarians holding a big log charge at the nearest building, dealing significant damage if they connect; then they go to town with their swords!",
        "id": 26000036
    },
    {
        "key": "inferno-dragon",
        "name": "Inferno Dragon",
        "elixir": 4,
        "type": "Troop",
        "rarity": "Legendary",
        "arena": 4,
        "description": "Shoots a focused beam of fire that increases in damage over time. Wears a helmet because flying can be dangerous.",
        "id": 26000037
    },
    {
        "key": "ice-golem",
        "name": "Ice Golem",
        "elixir": 2,
        "type": "Troop",
        "rarity": "Rare",
        "arena": 8,
        "description": "He's tough, targets buildings and explodes when destroyed, slowing nearby enemies. Made entirely out of ice... or is he?! Yes.",
        "id": 26000038
    },
    {
        "key": "mega-minion",
        "name": "Mega Minion",
        "elixir": 3,
        "type": "Troop",
        "rarity": "Rare",
        "arena": 7,
        "description": "Flying, armored and powerful. What could be its weakness?! Cupcakes.",
        "id": 26000039
    },
    {
        "key": "dart-goblin",
        "name": "Dart Goblin",
        "elixir": 3,
        "type": "Troop",
        "rarity": "Rare",
        "arena": 9,
        "description": "Runs fast, shoots far and chews gum. How does he blow darts with a mouth full of gum? Years of didgeridoo lessons.",
        "id": 26000040
    },
    {
        "key": "goblin-gang",
        "name": "Goblin Gang",
        "elixir": 3,
        "type": "Troop",
        "rarity": "Common",
        "arena": 9,
        "description": "Spawns five Goblins - three with knives, two with spears - at a discounted Elixir cost. It's like a Goblin Value Pack!",
        "id": 26000041
    },
    {
        "key": "electro-wizard",
        "name": "Electro Wizard",
        "elixir": 4,
        "type": "Troop",
        "rarity": "Legendary",
        "arena": 7,
        "description": "He lands with a \"POW!\", stuns nearby enemies and shoots lightning with both hands! What a show off.",
        "id": 26000042
    },
    {
        "key": "elite-barbarians",
        "name": "Elite Barbarians",
        "elixir": 6,
        "type": "Troop",
        "rarity": "Common",
        "arena": 7,
        "description": "Spawns a pair of leveled up Barbarians. They're like regular Barbarians, only harder, better, faster and stronger.",
        "id": 26000043
    },
    {
        "key": "hunter",
        "name": "Hunter",
        "elixir": 4,
        "type": "Troop",
        "rarity": "Epic",
        "arena": 9,
        "description": "He deals BIG damage up close - not so much at range. What he lacks in accuracy, he makes up for with his impressively bushy eyebrows.",
        "id": 26000044
    },
    {
        "key": "executioner",
        "name": "Executioner",
        "elixir": 5,
        "type": "Troop",
        "rarity": "Epic",
        "arena": 9,
        "description": "He throws his axe like a boomerang, striking all enemies on the way out AND back. It's a miracle he doesn't lose an arm.",
        "id": 26000045
    },
    {
        "key": "bandit",
        "name": "Bandit",
        "elixir": 3,
        "type": "Troop",
        "rarity": "Legendary",
        "arena": 9,
        "description": "The Bandit dashes to her target and delivers an extra big hit! While dashing, she can't be touched. The mask keeps her identity safe... and gives her bonus cool points!",
        "id": 26000046
    },
    {
        "key": "night-witch",
        "name": "Night Witch",
        "elixir": 4,
        "type": "Troop",
        "rarity": "Legendary",
        "arena": 8,
        "description": "Summons Bats to do her bidding, even after death! If you get too close, she isn't afraid of pitching in with her mean-looking battle staff.",
        "id": 26000048
    },
    {
        "key": "bats",
        "name": "Bats",
        "elixir": 2,
        "type": "Troop",
        "rarity": "Common",
        "arena": 8,
        "description": "Spawns a handful of tiny flying creatures with big ears. Having big ears doesn't mean they're good listeners.",
        "id": 26000049
    },
    {
        "key": "royal-ghost",
        "name": "Royal Ghost",
        "elixir": 3,
        "type": "Troop",
        "rarity": "Legendary",
        "arena": 10,
        "description": "He drifts invisibly through the Arena until he's startled by an enemy... then he attacks! Then he's invisible again! Zzzz.",
        "id": 26000050
    },
    {
        "key": "zappies",
        "name": "Zappies",
        "elixir": 4,
        "type": "Troop",
        "rarity": "Rare",
        "arena": 11,
        "description": "Spawns a pack of miniature Zap machines. Who controls them...? Only the Master Builder knows.",
        "id": 26000052
    },
    {
        "key": "cannon-cart",
        "name": "Cannon Cart",
        "elixir": 5,
        "type": "Troop",
        "rarity": "Epic",
        "arena": 10,
        "description": "A Cannon on wheels?! Bet they won't see that coming! Once you break its shield, it becomes a Cannon not on wheels.",
        "id": 26000054
    },
    {
        "key": "mega-knight",
        "name": "Mega Knight",
        "elixir": 7,
        "type": "Troop",
        "rarity": "Legendary",
        "arena": 10,
        "description": "He lands with the force of 1,000 mustaches, then jumps from one foe to the next dealing huge area damage. Stand aside!",
        "id": 26000055
    },
    {
        "key": "skeleton-barrel",
        "name": "Skeleton Barrel",
        "elixir": 3,
        "type": "Troop",
        "rarity": "Common",
        "arena": 6,
        "description": "It's a Skeleton party in the sky, until all the balloons pop... then it's a Skeleton party on the ground!",
        "id": 26000056
    },
    {
        "key": "flying-machine",
        "name": "Flying Machine",
        "elixir": 4,
        "type": "Troop",
        "rarity": "Rare",
        "arena": 9,
        "description": "The Master Builder has sent his first contraption to the Arena! It's a fast and fun flying machine, but fragile!",
        "id": 26000057
    },
    {
        "key": "magic-archer",
        "name": "Magic Archer",
        "elixir": 4,
        "type": "Troop",
        "rarity": "Legendary",
        "arena": 11,
        "description": "Not quite a Wizard, nor an Archer - he shoots a magic arrow that passes through and damages all enemies in its path. It's not a trick, it's magic!",
        "id": 26000062
    },
    {
        "key": "cannon",
        "name": "Cannon",
        "elixir": 3,
        "type": "Building",
        "rarity": "Common",
        "arena": 3,
        "description": "Defensive building. Shoots cannonballs with deadly effect, but cannot target flying troops.",
        "id": 27000000
    },
    {
        "key": "goblin-hut",
        "name": "Goblin Hut",
        "elixir": 5,
        "type": "Building",
        "rarity": "Rare",
        "arena": 1,
        "description": "Building that spawns Spear Goblins. But don't look inside. You don't want to see how they are made.",
        "id": 27000001
    },
    {
        "key": "mortar",
        "name": "Mortar",
        "elixir": 4,
        "type": "Building",
        "rarity": "Common",
        "arena": 6,
        "description": "Defensive building with a long range. Shoots exploding boulders that deal area damage. Cannot shoot at targets that get very close!",
        "id": 27000002
    },
    {
        "key": "inferno-tower",
        "name": "Inferno Tower",
        "elixir": 5,
        "type": "Building",
        "rarity": "Rare",
        "arena": 4,
        "description": "Defensive building, roasts targets for damage that increases over time. Burns through even the biggest and toughest enemies!",
        "id": 27000003
    },
    {
        "key": "bomb-tower",
        "name": "Bomb Tower",
        "elixir": 5,
        "type": "Building",
        "rarity": "Rare",
        "arena": 2,
        "description": "Defensive building that houses a Bomber. Deals area damage to anything dumb enough to stand near it.",
        "id": 27000004
    },
    {
        "key": "barbarian-hut",
        "name": "Barbarian Hut",
        "elixir": 7,
        "type": "Building",
        "rarity": "Rare",
        "arena": 3,
        "description": "Troop building that periodically deploys Barbarians to fight the enemy. Time to make the Barbarians.",
        "id": 27000005
    },
    {
        "key": "tesla",
        "name": "Tesla",
        "elixir": 4,
        "type": "Building",
        "rarity": "Common",
        "arena": 4,
        "description": "Defensive building. Whenever it's not zapping the enemy, the power of Electrickery is best kept grounded.",
        "id": 27000006
    },
    {
        "key": "elixir-collector",
        "name": "Elixir Collector",
        "elixir": 6,
        "type": "Building",
        "rarity": "Rare",
        "arena": 6,
        "description": "You gotta spend Elixir to make Elixir.",
        "id": 27000007
    },
    {
        "key": "x-bow",
        "name": "X-Bow",
        "elixir": 6,
        "type": "Building",
        "rarity": "Epic",
        "arena": 3,
        "description": "Nice tower you got there. Would be a shame if this X-Bow whittled it down from this side of the Arena...",
        "id": 27000008
    },
    {
        "key": "tombstone",
        "name": "Tombstone",
        "elixir": 3,
        "type": "Building",
        "rarity": "Rare",
        "arena": 2,
        "description": "Troop building that periodically deploys Skeletons to fight the enemy. When destroyed, spawns 4 Skeletons. Creepy!",
        "id": 27000009
    },
    {
        "key": "furnace",
        "name": "Furnace",
        "elixir": 4,
        "type": "Building",
        "rarity": "Rare",
        "arena": 5,
        "description": "The Furnace spawns two Fire Spirits at a time. It also makes great brick-oven pancakes.",
        "id": 27000010
    },
    {
        "key": "fireball",
        "name": "Fireball",
        "elixir": 4,
        "type": "Spell",
        "rarity": "Rare",
        "arena": 0,
        "description": "Annnnnd... Fireball. Incinerates a small area, dealing high damage. Reduced damage to Crown Towers.",
        "id": 28000000
    },
    {
        "key": "arrows",
        "name": "Arrows",
        "elixir": 3,
        "type": "Spell",
        "rarity": "Common",
        "arena": 0,
        "description": "Arrows pepper a large area, damaging all enemies hit. Reduced damage to Crown Towers.",
        "id": 28000001
    },
    {
        "key": "rage",
        "name": "Rage",
        "elixir": 2,
        "type": "Spell",
        "rarity": "Epic",
        "arena": 3,
        "description": "Increases troop movement and attack speed. Buildings attack faster and summon troops quicker, too. Chaaaarge!",
        "id": 28000002
    },
    {
        "key": "rocket",
        "name": "Rocket",
        "elixir": 6,
        "type": "Spell",
        "rarity": "Rare",
        "arena": 3,
        "description": "Deals high damage to a small area. Looks really awesome doing it. Reduced damage to Crown Towers.",
        "id": 28000003
    },
    {
        "key": "goblin-barrel",
        "name": "Goblin Barrel",
        "elixir": 3,
        "type": "Spell",
        "rarity": "Epic",
        "arena": 1,
        "description": "Spawns three Goblins anywhere in the Arena. It's going to be a thrilling ride, boys!",
        "id": 28000004
    },
    {
        "key": "freeze",
        "name": "Freeze",
        "elixir": 4,
        "type": "Spell",
        "rarity": "Epic",
        "arena": 4,
        "description": "Freezes troops and buildings, making them unable to move or attack. Everybody chill.",
        "id": 28000005
    },
    {
        "key": "mirror",
        "name": "Mirror",
        "elixir": 1,
        "type": "Spell",
        "rarity": "Epic",
        "arena": 5,
        "description": "Mirrors your last card played for +1 Elixir.",
        "id": 28000006
    },
    {
        "key": "lightning",
        "name": "Lightning",
        "elixir": 6,
        "type": "Spell",
        "rarity": "Epic",
        "arena": 1,
        "description": "Bolts of lightning damage and stun up to three enemy troops or buildings with the most hitpoints in the target area. Reduced damage to Crown Towers.",
        "id": 28000007
    },
    {
        "key": "zap",
        "name": "Zap",
        "elixir": 2,
        "type": "Spell",
        "rarity": "Common",
        "arena": 5,
        "description": "Zaps enemies, briefly stunning them and dealing damage inside a small radius. Reduced damage to Crown Towers.",
        "id": 28000008
    },
    {
        "key": "poison",
        "name": "Poison",
        "elixir": 4,
        "type": "Spell",
        "rarity": "Epic",
        "arena": 5,
        "description": "Covers the area in a deadly toxin, damaging enemy troops and buildings over time. Yet somehow leaves the grass green and healthy. Go figure!",
        "id": 28000009
    },
    {
        "key": "graveyard",
        "name": "Graveyard",
        "elixir": 5,
        "type": "Spell",
        "rarity": "Legendary",
        "arena": 5,
        "description": "Surprise! It's a party. A Skeleton party, anywhere in the Arena. Yay!",
        "id": 28000010
    },
    {
        "key": "the-log",
        "name": "The Log",
        "elixir": 2,
        "type": "Spell",
        "rarity": "Legendary",
        "arena": 6,
        "description": "A spilt bottle of Rage turned an innocent tree trunk into \"The Log\". Now, it seeks revenge by crushing anything in its path!",
        "id": 28000011
    },
    {
        "key": "tornado",
        "name": "Tornado",
        "elixir": 3,
        "type": "Spell",
        "rarity": "Epic",
        "arena": 6,
        "description": "Drags enemy troops to its center while dealing damage over time, just like a magnet. A big, swirling, Tornado-y magnet. Doesn't affect buildings.",
        "id": 28000012
    },
    {
        "key": "clone",
        "name": "Clone",
        "elixir": 3,
        "type": "Spell",
        "rarity": "Epic",
        "arena": 8,
        "description": "Duplicates all friendly troops in the target area. Cloned troops are fragile, but pack the same punch as the original! Doesn't affect buildings.",
        "id": 28000013
    },
    {
        "key": "barbarian-barrel",
        "name": "Barbarian Barrel",
        "elixir": 3,
        "type": "Spell",
        "rarity": "Epic",
        "arena": 10,
        "description": "It rolls, knocks back and damages anything in the way - then breaks and out pops a Barbarian! How did he get inside?!",
        "id": 28000015
    },
    {
        "key": "heal",
        "name": "Heal",
        "elixir": 3,
        "type": "Spell",
        "rarity": "Rare",
        "arena": 10,
        "description": "Heal your troops to keep them in the fight! Friendly troops are healed over time while in the target area. Doesn't affect buildings.",
        "id": 28000016
    }
]