"Name","Level","TID","CanInvite","CanSendMail","CanChangeAllianceSettings","CanAcceptJoinRequest","CanKick","CanBePromotedToLeader","CanPromoteToOwnLevel"
"String","int","String","Boolean","Boolean","Boolean","Boolean","Boolean","Boolean","Boolean"
"NonMember",0,,"false","false","false","false",,,
"Member",1,"TID_ALLIANCE_ROLE_MEMBER","false","false","false","false","false",,
"Leader",20,"TID_ALLIANCE_ROLE_LEADER","true","true","true","true","true","true",
"Elder",5,"TID_ALLIANCE_ROLE_ELDER","true","false","false","true","true",,
"Co-leader",10,"TID_ALLIANCE_ROLE_CO_LEADER","true","true","true","true","true","true","true"
