"Name","ObjectType"
"string","string"
"CHALLENGE","ChallengeDefinitionType"
"FRIENDLY","FriendlyChallengeDefinitionType"
"SHOP","ShopDefinitionType"
"LADDER","LadderDefinitionType"
"QUEST","Quest"
"NOTIFICATION","NotificationDefinitionType"
"BOOSTS","BoostType"
"SHOP_CYCLE","ShopCycleItemAll"
"CHALLENGE_CHAIN","ChallengeChainType"
"CHALLENGE_PAGE","ChallengePageTitle"
"ARENA_PACK","ArenaPackType"
"NEWS","NewsDefinition"
"FILE_PRELOAD","FileDefinition"
"FORTUNE_TARGET","FortuneTargetDefinition"
