"Name","Category","TID","Rarity","Disabled","Resource","Cost","Count","CycleDuration","CycleDeadzoneStart","CycleDeadzoneEnd","TopSection","SpecialOffer","DurationSecs","AvailabilitySecs","SyncToShopCycle","Chest","TrophyLimit","IAP","StarterPack_Item0_Type","StarterPack_Item0_ID","StarterPack_Item0_Param1","StarterPack_Item1_Type","StarterPack_Item1_ID","StarterPack_Item1_Param1","StarterPack_Item2_Type","StarterPack_Item2_ID","StarterPack_Item2_Param1","ValueMultiplier","AppendArenaToChestName","TiedToArenaUnlock","RepeatPurchaseGemPackOverride","EventName","CostAdjustBasedOnChestContents","IsChronosOffer"
"String","String","String","String","boolean","String","int","int","int","int","int","boolean","boolean","int","int","boolean","String","int","String","String","String","int","String","String","int","String","String","int","int","boolean","String","String","String","boolean","boolean"
"SecretLegendary","SecretLegendary","TID_SHOP_SECRET_LEGENDARY",,,"Diamonds",500,,21,7,,,"TRUE",,,,"Legendary",1400,,,,,,,,,,,,,,,,,
"SecretEpic","SecretEpic","TID_SHOP_SECRET_EPIC",,,"Gold",10000,,14,,3,,"TRUE",,,,"Epic",1000,,,,,,,,,,,,"TRUE",,,,"TRUE",
"Spell","Spell",,,,,,,,,,"TRUE",,,,,,,,,,,,,,,,,,,,,,,
"Chest","Chest",,,,,,,,,,,,,,,,,,,,,,,,,,,,,,,,,
"ResourceGold","Gold",,,,,,,,,,,,,,,,,,,,,,,,,,,,,,,,,
"ResourceDiamond","Diamond",,,,,,,,,,,,,,,,,,,,,,,,,,,,,,,,,
"REMOVED9","NOTINUSE",,"Common",,"Diamonds",100,400,,,,"TRUE",,259200,86400,"TRUE",,,,,,,,,,,,,,,,,,,
"REMOVED10","NOTINUSE",,"Rare",,"Diamonds",150,100,,,,"TRUE",,259200,86400,"TRUE",,,,,,,,,,,,,,,,,,,
"REMOVED11","NOTINUSE",,"Epic",,"Diamonds",400,10,,,,"TRUE",,259200,86400,"TRUE",,,,,,,,,,,,,,,,,,,
"StarterPackArena3","StarterPack","TID_SHOP_STARTER_PACK_ARENA_3",,,"IAP",,,10,3,2,,"TRUE",,,,,800,"com.supercell.scroll.consumablestarterpack0","Chest","Giant_Arena3",,"ResourceDiamond","com.supercell.scroll.gempack5",,"ResourceGold","Gold1",,5,,,,,,
"StarterPackArena4","StarterPack","TID_SHOP_STARTER_PACK_ARENA_4",,,"IAP",,,10,3,2,,"TRUE",,,,,1100,"com.supercell.scroll.consumablestarterpack1","Chest","Magic_Arena4",,"ResourceDiamond","com.supercell.scroll.gempack5",,"ResourceGold","Gold1",,8,,,,,,
"StarterPackArena5","StarterPack","TID_SHOP_STARTER_PACK_ARENA_5",,,"IAP",,,10,3,2,,"TRUE",,,,,1400,"com.supercell.scroll.consumablestarterpack2","Chest","Super_Arena5",,"ResourceDiamond","com.supercell.scroll.gempack0",,"ResourceGold","Gold1",,7,,,,,,
"StarterPackArena6","StarterPack","TID_SHOP_STARTER_PACK_ARENA_6",,,"IAP",,,10,3,2,,"TRUE",,,,,1700,"com.supercell.scroll.consumablestarterpack3","Chest","Magic_Arena6",,"ResourceDiamond","com.supercell.scroll.gempack0",,"ResourceGold","Gold2",,3,,,,,,
"StarterPackArena7","StarterPack","TID_SHOP_STARTER_PACK_ARENA_7",,,"IAP",,,10,3,2,,"TRUE",,,,,2000,"com.supercell.scroll.consumablestarterpack4","Chest","Super_Arena7",,"ResourceDiamond","com.supercell.scroll.gempack1",,"ResourceGold","Gold2",,4,,,,,,
"StarterPackArena8","StarterPack","TID_SHOP_STARTER_PACK_ARENA_8",,,"IAP",,,10,3,2,,"TRUE",,,,,2300,"com.supercell.scroll.consumablestarterpack5","Chest","Magic_Arena8",,"ResourceDiamond","com.supercell.scroll.gempack1",,"ResourceGold","Gold3",,5,,,,,,
"StarterPackArenaL","StarterPack","TID_SHOP_STARTER_PACK_ARENA_L",,,"IAP",,,10,3,2,,"TRUE",,,,,3000,"com.supercell.scroll.consumablestarterpack6","Chest","Legendary",,"ResourceDiamond","com.supercell.scroll.gempack1",,"ResourceGold","Gold3",,5,,,,,,
"Red","Red",,,,,,,,,,,,,,,,,"com.supercell.scroll.red","ResourceDiamond","com.supercell.scroll.gempack0",,,,,,,,,,,,,,
"RumbleBundle0","Rumble","TID_SHOP_RUMBLE_0",,,,,,,,,,,,,,,,"com.supercell.scroll.rumblebundle0","ResourceDiamond","com.supercell.scroll.gempack5",,"Chest","Magic_",,,,,,,,,"RumbleShop",,
"RumbleBundle1","Rumble","TID_SHOP_RUMBLE_1",,,,,,,,,,,,,,,,"com.supercell.scroll.rumblebundle1","ResourceDiamond","com.supercell.scroll.gempack0",,"ResourceGold","Gold2",,,,,,,,,"RumbleShop",,
"RumbleBundle2","Rumble","TID_SHOP_RUMBLE_2",,,,,,,,,,,,,,,,"com.supercell.scroll.rumblebundle2","ResourceDiamond","com.supercell.scroll.gempack1",,"Chest","Super_",,,,,,,,,"RumbleShop",,
"REMOVED1","NOTINUSE",,,,,,,,,,,,,,,,,,,,,,,,,,,,,,,,,
"REMOVED2","NOTINUSE",,,,,,,,,,,,,,,,,,,,,,,,,,,,,,,,,
"REMOVED3","NOTINUSE",,,,,,,,,,,,,,,,,,,,,,,,,,,,,,,,,
"REMOVED4","NOTINUSE",,,,,,,,,,,,,,,,,,,,,,,,,,,,,,,,,
"REMOVED5","NOTINUSE",,,,,,,,,,,,,,,,,,,,,,,,,,,,,,,,,
"REMOVED6","NOTINUSE",,"Common",,"Gold",1000,100,,,,"TRUE",,86400,86400,"TRUE",,1100,,,,,,,,,,,,,,,,,
"REMOVED7","NOTINUSE",,"Rare",,"Gold",3000,30,,,,"TRUE",,86400,86400,"TRUE",,1100,,,,,,,,,,,,,,,,,
"REMOVED8","NOTINUSE",,"Epic",,"Gold",5000,5,,,,"TRUE",,86400,86400,"TRUE",,1100,,,,,,,,,,,,,,,,,
"StarterPackArena9","StarterPack","TID_SHOP_STARTER_PACK_ARENA_9",,,"IAP",,,10,3,2,,"TRUE",,,,,2600,"com.supercell.scroll.consumablestarterpack7","Chest","Super_Arena9",,"ResourceDiamond","com.supercell.scroll.gempack1",,"ResourceGold","Gold2",,4,,"Arena9",,,,
"HolidayBundle0","Rumble","TID_SHOP_HOLIDAY_0",,,,,,,,,,,,,,,,"com.supercell.scroll.consumableholidaypack0","ResourceDiamond","com.supercell.scroll.gempack1",,"Chest","Giant_",,,,,2,,,"com.supercell.scroll.gempack0","HolidayBundle",,
"HolidayBundle1","Rumble","TID_SHOP_HOLIDAY_1",,,,,,,,,,,,,,,,"com.supercell.scroll.consumableholidaypack1","ResourceDiamond","com.supercell.scroll.gempack2",,"Chest","Magic_",,,,,3,,,"com.supercell.scroll.gempack1","HolidayBundle",,
"HolidayBundle2","Rumble","TID_SHOP_HOLIDAY_2",,,,,,,,,,,,,,,,"com.supercell.scroll.consumableholidaypack2","ResourceDiamond","com.supercell.scroll.gempack3",,"Chest","Super_",,,,,4,,,"com.supercell.scroll.gempack2","HolidayBundle",,
"ChineseNewYearBundle0","Rumble","TID_SHOP_RUMBLE_1",,,,,,,,,,,,,,,,"com.supercell.scroll.consumablechinesenewyear0","ResourceDiamond","com.supercell.scroll.gempack5",,"ResourceGold","Gold2",,,,,,,,"com.supercell.scroll.gempack5","ChineseNewYearBundle",,
"ChineseNewYearBundle1","Rumble","TID_SHOP_RUMBLE_0",,,,,,,,,,,,,,,,"com.supercell.scroll.consumablechinesenewyear1","ResourceDiamond","com.supercell.scroll.gempack0",,"Chest","Magic_",,,,,,,,"com.supercell.scroll.gempack0","ChineseNewYearBundle",,
"ChineseNewYearBundle2","Rumble","TID_SHOP_RUMBLE_2",,,,,,,,,,,,,,,,"com.supercell.scroll.consumablechinesenewyear2","ResourceDiamond","com.supercell.scroll.gempack1",,"Chest","Super_",,,,,,,,"com.supercell.scroll.gempack1","ChineseNewYearBundle",,
"ChronosOffer_1","Chronos","TID_SPECIAL_OFFER_1",,,,,,,,,,,,,,,,"com.supercell.scroll.specialoffertier1",,,,,,,,,,,,,,,,"TRUE"
"ChronosOffer_2","Chronos","TID_SPECIAL_OFFER_2",,,,,,,,,,,,,,,,"com.supercell.scroll.specialoffertier2",,,,,,,,,,,,,,,,"TRUE"
"ChronosOffer_3","Chronos","TID_SPECIAL_OFFER_3",,,,,,,,,,,,,,,,"com.supercell.scroll.specialoffertier3",,,,,,,,,,,,,,,,"TRUE"
"ChronosOffer_4","Chronos","TID_SPECIAL_OFFER_4",,,,,,,,,,,,,,,,"com.supercell.scroll.specialoffertier4",,,,,,,,,,,,,,,,"TRUE"
"ChronosOffer_5","Chronos","TID_SPECIAL_OFFER_5",,,,,,,,,,,,,,,,"com.supercell.scroll.specialoffertier5",,,,,,,,,,,,,,,,"TRUE"
"ChronosOffer_6","Chronos","TID_SPECIAL_OFFER_6",,,,,,,,,,,,,,,,"com.supercell.scroll.specialoffertier6",,,,,,,,,,,,,,,,"TRUE"
"ChronosOffer_7","Chronos","TID_SPECIAL_OFFER_7",,,,,,,,,,,,,,,,"com.supercell.scroll.specialoffertier7",,,,,,,,,,,,,,,,"TRUE"
"ChronosOffer_8","Chronos","TID_SPECIAL_OFFER_8",,,,,,,,,,,,,,,,"com.supercell.scroll.specialoffertier8",,,,,,,,,,,,,,,,"TRUE"
"ChronosOffer_9","Chronos","TID_SPECIAL_OFFER_9",,,,,,,,,,,,,,,,"com.supercell.scroll.specialoffertier9",,,,,,,,,,,,,,,,"TRUE"
"ChronosOffer_10","Chronos","TID_SPECIAL_OFFER_10",,,,,,,,,,,,,,,,"com.supercell.scroll.specialoffertier10",,,,,,,,,,,,,,,,"TRUE"
"ChronosOffer_15","Chronos","TID_SPECIAL_OFFER_15",,,,,,,,,,,,,,,,"com.supercell.scroll.specialoffertier15",,,,,,,,,,,,,,,,"TRUE"
"ChronosOffer_20","Chronos","TID_SPECIAL_OFFER_20",,,,,,,,,,,,,,,,"com.supercell.scroll.specialoffertier20",,,,,,,,,,,,,,,,"TRUE"
"ChronosOffer_50","Chronos","TID_SPECIAL_OFFER_50",,,,,,,,,,,,,,,,"com.supercell.scroll.specialoffertier50",,,,,,,,,,,,,,,,"TRUE"
"ChronosOffer_60","Chronos","TID_SPECIAL_OFFER_60",,,,,,,,,,,,,,,,"com.supercell.scroll.specialoffertier60",,,,,,,,,,,,,,,,"TRUE"
"StarterPackArenaT","StarterPack","TID_SHOP_STARTER_PACK_ARENA_T",,,"IAP",,,10,3,2,,"TRUE",,,,,3800,"com.supercell.scroll.consumablestarterpack8","Chest","Draft_StarterPack_T",,"ResourceGold","Gold3",,,,,4,,,"com.supercell.scroll.gempack2",,,
"StarterPackArena1","StarterPack","TID_SHOP_STARTER_PACK_ARENA_1",,"TRUE","IAP",,,10,3,2,,"TRUE",,,,,100,"com.supercell.scroll.consumablestarterpack9","Chest","Magic_Arena1",,"ResourceDiamond","com.supercell.scroll.gempack5",,"ResourceGold","Gold1",,5,,,,,,
"StarterPackArena2","StarterPack","TID_SHOP_STARTER_PACK_ARENA_2",,,"IAP",,,10,3,2,,"TRUE",,,,,400,"com.supercell.scroll.consumablestarterpack10","Chest","Magic_Arena2",,"ResourceDiamond","com.supercell.scroll.gempack5",,"ResourceGold","Gold1",,6,,,,,,
"StarterPackArenaE","StarterPack","TID_SHOP_STARTER_PACK_ARENA_E",,,"IAP",,,10,3,2,,"TRUE",,,,,3400,"com.supercell.scroll.consumablestarterpack11","Chest","Legendary",,"ResourceDiamond","com.supercell.scroll.gempack1",,"ResourceGold","Gold3",,5,,,,,,
