"Name","IconSWF","IconFile","UnlockArena","UnlockLevel","Rarity","ManaCost","ManaCostFromSummonerMana","NotInUse","Mirror","CustomDeployTime","SummonCharacter","SummonNumber","SummonCharacterLevelIndex","SummonCharacterSecond","SummonCharacterSecondCount","SummonRadius","SummonDeployDelay","CharacterSkin","CharacterSkin2","Radius","Height","Projectile","SpellAsDeploy","CanPlaceOnBuildings","InstantDamage","DurationSeconds","InstantHeal","HealPerSecond","Effect","Pushback","MultipleProjectiles","CustomFirstProjectile","BuffTime","BuffTimeIncreasePerLevel","BuffNumber","BuffType","BuffOnDamage","OnlyOwnTroops","OnlyEnemies","CanDeployOnEnemySide","TouchdownLimitedDeploy","CastSound","AreaEffectObject","TID","TID_INFO","IndicatorFileName","IndicatorEffect","HideRadiusIndicator","DestIndicatorEffect","ReleaseDate","ElixirProductionStopTime","DarkMirror","StatsUnderInfo","HeroAbility"
"string","string","string","string","int","string","int","boolean","boolean","boolean","int","string","int","int","String","int","int","int","string","string","int","int","string","boolean","boolean","int","int","int","int","string","int","int","string","int","int","int","string","string","boolean","boolean","boolean","boolean","string","string","string","string","String","String","boolean","String","String","int","boolean","boolean","String"
"NOTINUSEA1",,,"Arena_L",0,"Hero",1,,,,,,,,,,,,,,,,,,,,,,,,,,,,,,,,"true",,,,"SpellCasting","Rage","TID_ABILITY_1",,,,,,,,,,
"NOTINUSEA2",,,"Arena_L",2,"Hero",2,,,,,,,,,,,,,,,,,,,,,,,,,,,,,,,,,,,,"SpellCasting",,"TID_ABILITY_2",,,,,,,,,,
"NOTINUSEA3",,,"Arena_L",4,"Hero",0,,,,,,,,,,,,,,,,,,,,,,,,,,,,,,,,,,,,"SpellCasting",,"TID_ABILITY_3",,,,,,,,,,
"NOTINUSEA4",,,"Arena_L",4,"Hero",2,,,,,,,,,,,,,,,,,,,,,,,,,,,,,,,,,,,,"SpellCasting",,"TID_ABILITY_4",,,,,,,,,,
"NOTINUSEA5",,,"Arena_L",2,"Hero",2,,,,,,,,,,,,,,,,,,,,,,,,,,,,,,,,,,,,"SpellCasting",,"TID_ABILITY_5",,,,,,,,,,
"NOTINUSEA6",,,"Arena_L",0,"Hero",1,,,,,,,,,,,,,,,,,,,,,,,,,,,,,,,,,,,,"SpellCasting",,"TID_ABILITY_6",,,,,,,,,,
